{
    "$schema": "https://schema.management.azure.com/schemas/2019-04-01/deploymentTemplate.json#",
    "contentVersion": "1.0.0.0",
    "parameters": {
        "sites_Question_App_QnA_name": {
            "defaultValue": "Question-App-QnA",
            "type": "String"
        },
        "serverfarms_Question_App_QnA_externalid": {
            "defaultValue": "/subscriptions/6f2fc833-871a-4829-9d72-196d7b95a4b7/resourceGroups/Dev-startHack-MS-Myway/providers/Microsoft.Web/serverfarms/Question-App-QnA",
            "type": "String"
        }
    },
    "variables": {},
    "resources": [
        {
            "type": "Microsoft.Web/sites",
            "apiVersion": "2018-11-01",
            "name": "[parameters('sites_Question_App_QnA_name')]",
            "location": "Switzerland North",
            "tags": {
                "hidden-related:/subscriptions/6f2fc833-871a-4829-9d72-196d7b95a4b7/resourcegroups/Dev-startHack-MS-Myway/providers/Microsoft.Web/serverfarms/Question-App-QnA": "empty"
            },
            "kind": "app",
            "properties": {
                "enabled": true,
                "hostNameSslStates": [
                    {
                        "name": "question-app-qna.azurewebsites.net",
                        "sslState": "Disabled",
                        "hostType": "Standard"
                    },
                    {
                        "name": "question-app-qna.scm.azurewebsites.net",
                        "sslState": "Disabled",
                        "hostType": "Repository"
                    }
                ],
                "serverFarmId": "[parameters('serverfarms_Question_App_QnA_externalid')]",
                "reserved": false,
                "isXenon": false,
                "hyperV": false,
                "siteConfig": {},
                "scmSiteAlsoStopped": false,
                "clientAffinityEnabled": true,
                "clientCertEnabled": false,
                "hostNamesDisabled": false,
                "containerSize": 0,
                "dailyMemoryTimeQuota": 0,
                "httpsOnly": false,
                "redundancyMode": "None"
            }
        },
        {
            "type": "Microsoft.Web/sites/config",
            "apiVersion": "2018-11-01",
            "name": "[concat(parameters('sites_Question_App_QnA_name'), '/web')]",
            "location": "Switzerland North",
            "dependsOn": [
                "[resourceId('Microsoft.Web/sites', parameters('sites_Question_App_QnA_name'))]"
            ],
            "tags": {
                "hidden-related:/subscriptions/6f2fc833-871a-4829-9d72-196d7b95a4b7/resourcegroups/Dev-startHack-MS-Myway/providers/Microsoft.Web/serverfarms/Question-App-QnA": "empty"
            },
            "properties": {
                "numberOfWorkers": 1,
                "defaultDocuments": [
                    "Default.htm",
                    "Default.html",
                    "Default.asp",
                    "index.htm",
                    "index.html",
                    "iisstart.htm",
                    "default.aspx",
                    "index.php",
                    "hostingstart.html"
                ],
                "netFrameworkVersion": "v4.0",
                "phpVersion": "5.6",
                "requestTracingEnabled": false,
                "remoteDebuggingEnabled": false,
                "httpLoggingEnabled": false,
                "logsDirectorySizeLimit": 35,
                "detailedErrorLoggingEnabled": false,
                "publishingUsername": "$Question-App-QnA",
                "azureStorageAccounts": {},
                "scmType": "None",
                "use32BitWorkerProcess": true,
                "webSocketsEnabled": false,
                "alwaysOn": false,
                "managedPipelineMode": "Integrated",
                "virtualApplications": [
                    {
                        "virtualPath": "/",
                        "physicalPath": "site\\wwwroot",
                        "preloadEnabled": false
                    }
                ],
                "loadBalancing": "LeastRequests",
                "experiments": {
                    "rampUpRules": []
                },
                "autoHealEnabled": false,
                "cors": {
                    "allowedOrigins": [
                        "*"
                    ],
                    "supportCredentials": false
                },
                "localMySqlEnabled": false,
                "ipSecurityRestrictions": [
                    {
                        "ipAddress": "Any",
                        "action": "Allow",
                        "priority": 1,
                        "name": "Allow all",
                        "description": "Allow all access"
                    }
                ],
                "scmIpSecurityRestrictions": [
                    {
                        "ipAddress": "Any",
                        "action": "Allow",
                        "priority": 1,
                        "name": "Allow all",
                        "description": "Allow all access"
                    }
                ],
                "scmIpSecurityRestrictionsUseMain": false,
                "http20Enabled": false,
                "minTlsVersion": "1.2",
                "ftpsState": "AllAllowed",
                "reservedInstanceCount": 0
            }
        },
        {
            "type": "Microsoft.Web/sites/hostNameBindings",
            "apiVersion": "2018-11-01",
            "name": "[concat(parameters('sites_Question_App_QnA_name'), '/', parameters('sites_Question_App_QnA_name'), '.azurewebsites.net')]",
            "location": "Switzerland North",
            "dependsOn": [
                "[resourceId('Microsoft.Web/sites', parameters('sites_Question_App_QnA_name'))]"
            ],
            "properties": {
                "siteName": "Question-App-QnA",
                "hostNameType": "Verified"
            }
        }
    ]
}