{
    "$schema": "https://schema.management.azure.com/schemas/2019-04-01/deploymentTemplate.json#",
    "contentVersion": "1.0.0.0",
    "parameters": {
        "searchServices_questionappqna_aswihtiabaqarqi_name": {
            "defaultValue": "questionappqna-aswihtiabaqarqi",
            "type": "String"
        }
    },
    "variables": {},
    "resources": [
        {
            "type": "Microsoft.Search/searchServices",
            "apiVersion": "2020-08-01",
            "name": "[parameters('searchServices_questionappqna_aswihtiabaqarqi_name')]",
            "location": "Switzerland North",
            "sku": {
                "name": "free"
            },
            "properties": {
                "replicaCount": 1,
                "partitionCount": 1,
                "hostingMode": "Default",
                "publicNetworkAccess": "Enabled",
                "networkRuleSet": {
                    "ipRules": []
                }
            }
        }
    ]
}